"""Check""",CheckingPeer,State,Time
1,brave,Start,12:30:01
1,brave,Success,13:00:01
2,less,Start,18:00:05
2,less,Success,18:45:30
3,nice,Start,20:10:05
3,nice,Success,20:40:05
4,brave,Start,22:00:01
4,brave,Success,22:30:01
5,honest,Start,08:30:01
5,honest,Success,09:00:01
6,honest,Start,10:30:01
6,honest,Success,11:00:01
7,less,Start,11:30:01
7,less,Success,11:00:01
8,nice,Start,12:30:01
8,nice,Success,13:00:01
9,brave,Start,14:30:01
9,brave,Success,15:00:01
10,great,Start,15:30:01
10,great,Success,16:00:01
11,brave,Start,16:30:01
11,brave,Success,17:00:01
12,brave,Start,17:30:01
12,brave,Failure,18:00:01
13,brave,Start,18:30:01
13,brave,Success,19:00:01
14,great,Start,20:00:01
14,great,Success,20:30:01
15,less,Start,00:02:07
15,less,Success,00:45:01
16,less,Start,01:15:01
16,less,Success,01:30:01
17,brave,Start,10:00:01
17,brave,Success,10:30:01
18,honest,Start,10:45:01
18,honest,Success,11:30:01
19,tarticar,Start,16:00:07
19,tarticar,Success,16:37:47
20,mottkram,Start,14:30:06
20,mottkram,Success,15:11:32
21,capricey,Start,12:20:09
21,capricey,Failure,12:30:10
22,hubertfu,Start,11:11:11
22,hubertfu,Success,12:12:12
23,hubertfu,Start,14:10:10
23,hubertfu,Success,14:44:45
24,vikingss,Start,10:00:00
24,vikingss,Success,10:25:54
25,vikingss,Start,11:00:00
25,vikingss,Success,11:25:54
26,honest,Start,12:30:01
26,honest,Success,13:00:01
27,snake,Start,13:30:01
27,snake,Success,13:45:01
28,long,Start,14:00:01
28,long,Success,14:30:01
29,nice,Start,14:00:01
29,nice,Success,14:30:01
30,long,Start,15:00:01
30,long,Success,15:45:01
31,long,Start,16:00:01
31,long,Success,16:45:01
32,snake,Start,12:00:01
32,snake,Success,12:30:01
33,honest,Start,15:00:01
33,honest,Success,15:45:01
34,nice,Start,09:30:01
34,nice,Success,10:00:01
35,honest,Start,03:00:01
35,honest,Success,03:05:01
36,honest,Start,01:05:01
36,honest,Success,01:10:01
37,tail,Start,19:30:32
37,tail,Success,20:10:32
38,tail,Start,16:21:54
38,tail,Success,16:59:59
39,hubertfu,Start,17:00:00
39,hubertfu,Success,18:00:00
40,hubertfu,Start,10:00:00
40,hubertfu,Success,11:00:00
41,hubertfu,Start,11:00:00
41,hubertfu,Success,12:00:00
42,hubertfu,Start,12:00:00
42,hubertfu,Success,13:00:00
43,hubertfu,Start,13:00:00
43,hubertfu,Success,14:00:00
44,hubertfu,Start,09:00:00
44,hubertfu,Failure,10:00:00
45,hubertfu,Start,10:00:00
45,hubertfu,Success,11:00:00
46,hubertfu,Start,11:00:00
46,hubertfu,Success,12:00:00
47,hubertfu,Start,12:00:00
47,hubertfu,Success,13:00:00
48,hubertfu,Start,13:00:00
48,hubertfu,Success,14:00:00
49,hubertfu,Start,14:00:00
49,hubertfu,Success,15:00:00
50,hubertfu,Start,15:00:00
50,hubertfu,Success,16:00:00
51,hubertfu,Start,16:00:00
51,hubertfu,Success,17:00:00
52,hubertfu,Start,21:00:00
52,hubertfu,Success,22:00:00
53,hubertfu,Start,09:00:00
53,hubertfu,Success,10:00:00
54,hubertfu,Start,10:00:00
54,hubertfu,Success,11:00:00
55,hubertfu,Start,11:00:00
55,hubertfu,Success,12:00:00
56,hubertfu,Start,12:00:00
56,hubertfu,Success,13:00:00
57,hubertfu,Start,13:00:00
57,hubertfu,Success,14:00:00
58,hubertfu,Start,14:00:00
58,hubertfu,Success,15:00:00
59,hubertfu,Start,15:00:00
59,hubertfu,Success,16:00:00
60,hubertfu,Start,16:00:00
60,hubertfu,Success,17:00:00
61,hubertfu,Start,17:00:00
61,hubertfu,Success,18:00:00
62,hubertfu,Start,18:00:00
62,hubertfu,Success,19:00:00
63,hubertfu,Start,19:00:00
63,hubertfu,Success,20:00:00
64,hubertfu,Start,20:00:00
64,hubertfu,Success,21:00:00
65,hubertfu,Start,21:00:00
65,hubertfu,Success,22:00:00
66,hubertfu,Start,08:00:00
66,hubertfu,Success,09:00:00
67,hubertfu,Start,09:00:00
67,hubertfu,Success,10:00:00
68,hubertfu,Start,10:00:00
68,hubertfu,Success,11:00:00
69,hubertfu,Start,11:00:00
69,hubertfu,Success,12:00:00
70,hubertfu,Start,11:00:00
70,hubertfu,Success,12:00:00
71,hubertfu,Start,12:00:00
71,hubertfu,Success,12:24:15